dorm_id,timestamp,energy_kwh,baseline_pred_kwh,diff_kwh,reward_value,intervention_flag,hour,weekday,is_weekend,lag_1,lag_24,rolling_mean_24
TJ_SIPING_B3_0614,2026-07-25 00:00:00,0.085,0.3936833755601431,-0.3086833755601431,0.3086833755601431,0,0,5,1,0.795,0.085,0.39625
TJ_SIPING_B3_0613,2026-07-25 00:00:00,0.695,0.31513707787688905,0.3798629221231109,-0.3798629221231109,0,0,5,1,0.049,0.666,0.38354166666666667
TJ_SIPING_B3_0612,2026-07-25 00:00:00,0.66,0.48295547293814806,0.17704452706185198,-0.17704452706185198,0,0,5,1,0.706,0.592,0.38845833333333335
TJ_SIPING_B3_0613,2026-07-25 01:00:00,0.538,0.49098357801013304,0.047016421989867,-0.047016421989867,0,1,5,1,0.695,0.604,0.38475
TJ_SIPING_B3_0614,2026-07-25 01:00:00,0.518,0.3040653858901133,0.21393461410988673,-0.21393461410988673,0,1,5,1,0.085,0.557,0.39625
TJ_SIPING_B3_0612,2026-07-25 01:00:00,0.595,0.4752742814626131,0.1197257185373869,-0.1197257185373869,0,1,5,1,0.66,0.588,0.39129166666666665
TJ_SIPING_B3_0612,2026-07-25 02:00:00,0.514,0.44503540306538825,0.06896459693461177,-0.06896459693461177,0,2,5,1,0.595,0.502,0.39158333333333334
TJ_SIPING_B3_0613,2026-07-25 02:00:00,0.581,0.4360031484603771,0.14499685153962288,-0.14499685153962288,0,2,5,1,0.538,0.519,0.38199999999999995
TJ_SIPING_B3_0614,2026-07-25 02:00:00,0.045,0.428804380446996,-0.383804380446996,0.383804380446996,0,2,5,1,0.518,0.532,0.394625
TJ_SIPING_B3_0613,2026-07-25 03:00:00,0.539,0.4679081745151531,0.07109182548484694,-0.07109182548484694,0,3,5,1,0.581,0.58,0.38458333333333333
TJ_SIPING_B3_0614,2026-07-25 03:00:00,0.417,0.20439646350299798,0.212603536497002,-0.212603536497002,0,3,5,1,0.045,0.056,0.37433333333333335
TJ_SIPING_B3_0612,2026-07-25 03:00:00,0.468,0.42430166955356596,0.043698330446434064,-0.043698330446434064,0,3,5,1,0.514,0.48,0.39208333333333334
TJ_SIPING_B3_0612,2026-07-25 04:00:00,0.03,0.4052227638522413,-0.3752227638522413,0.3752227638522413,0,4,5,1,0.468,0.419,0.3915833333333334
TJ_SIPING_B3_0613,2026-07-25 04:00:00,0.406,0.41953064403181434,-0.01353064403181431,0.01353064403181431,0,4,5,1,0.539,0.379,0.382875
TJ_SIPING_B3_0614,2026-07-25 04:00:00,0.398,0.31377680380722883,0.08422319619277119,-0.08422319619277119,0,4,5,1,0.417,0.066,0.38937499999999997
TJ_SIPING_B3_0612,2026-07-25 05:00:00,0.384,0.21727695010163348,0.16672304989836653,-0.16672304989836653,0,5,5,1,0.03,0.07,0.375375
TJ_SIPING_B3_0613,2026-07-25 05:00:00,0.387,0.41604386648669134,-0.029043866486691328,0.029043866486691328,0,5,5,1,0.406,0.503,0.38400000000000006
TJ_SIPING_B3_0614,2026-07-25 05:00:00,0.053,0.38922701240398305,-0.33622701240398306,0.33622701240398306,0,5,5,1,0.398,0.422,0.4032083333333334
TJ_SIPING_B3_0613,2026-07-25 06:00:00,0.433,0.38848508168742013,0.044514918312579865,-0.044514918312579865,0,6,5,1,0.387,0.362,0.37916666666666665
TJ_SIPING_B3_0612,2026-07-25 06:00:00,0.411,0.39959910529116116,0.011400894708838816,-0.011400894708838816,0,6,5,1,0.384,0.431,0.38845833333333335
TJ_SIPING_B3_0614,2026-07-25 06:00:00,0.417,0.21980414063571874,0.19719585936428125,-0.19719585936428125,0,6,5,1,0.053,0.039,0.3878333333333333
TJ_SIPING_B3_0612,2026-07-25 07:00:00,0.404,0.41671152503706893,-0.012711525037068905,0.012711525037068905,0,7,5,1,0.411,0.44,0.38762500000000005
TJ_SIPING_B3_0614,2026-07-25 07:00:00,0.411,0.4110760763374993,-7.607633749934228e-05,7.607633749934228e-05,0,7,5,1,0.417,0.432,0.40358333333333335
TJ_SIPING_B3_0613,2026-07-25 07:00:00,0.411,0.3404523842902062,0.07054761570979379,-0.07054761570979379,0,7,5,1,0.433,0.057,0.382125
TJ_SIPING_B3_0612,2026-07-25 08:00:00,0.348,0.33871529165969444,0.009284708340305536,-0.009284708340305536,0,8,5,1,0.404,0.06,0.386125
TJ_SIPING_B3_0613,2026-07-25 08:00:00,0.42,0.3966637277847669,0.0233362722152331,-0.0233362722152331,0,8,5,1,0.411,0.331,0.39687500000000003
TJ_SIPING_B3_0614,2026-07-25 08:00:00,0.076,0.3424001155363808,-0.26640011553638077,0.26640011553638077,0,8,5,1,0.411,0.094,0.4027083333333333
TJ_SIPING_B3_0613,2026-07-25 09:00:00,0.456,0.34231069677520376,0.11368930322479626,-0.11368930322479626,0,9,5,1,0.42,0.046,0.40058333333333335
TJ_SIPING_B3_0614,2026-07-25 09:00:00,0.454,0.244966268061159,0.209033731938841,-0.209033731938841,0,9,5,1,0.076,0.048,0.40195833333333336
TJ_SIPING_B3_0612,2026-07-25 09:00:00,0.413,0.3935412517896016,0.01945874821039839,-0.01945874821039839,0,9,5,1,0.348,0.367,0.39812500000000006
TJ_SIPING_B3_0612,2026-07-25 10:00:00,0.469,0.3444150580221006,0.12458494197789938,-0.12458494197789938,0,10,5,1,0.413,0.031,0.40004166666666663
TJ_SIPING_B3_0613,2026-07-25 10:00:00,0.412,0.35571573596277817,0.05628426403722181,-0.05628426403722181,0,10,5,1,0.456,0.055,0.41766666666666663
TJ_SIPING_B3_0614,2026-07-25 10:00:00,0.435,0.35891531382773034,0.07608468617226966,-0.07608468617226966,0,10,5,1,0.454,0.074,0.41887500000000005
TJ_SIPING_B3_0612,2026-07-25 11:00:00,0.405,0.364172048484633,0.040827951515367,-0.040827951515367,0,11,5,1,0.469,0.045,0.4182916666666667
TJ_SIPING_B3_0614,2026-07-25 11:00:00,0.055,0.34799948084874255,-0.29299948084874256,0.29299948084874256,0,11,5,1,0.435,0.04,0.43391666666666673
TJ_SIPING_B3_0613,2026-07-25 11:00:00,0.08,0.3430753486325312,-0.2630753486325312,0.2630753486325312,0,11,5,1,0.412,0.045,0.43254166666666666
TJ_SIPING_B3_0614,2026-07-25 12:00:00,0.06,0.3382863320067086,-0.2782863320067086,0.2782863320067086,0,12,5,1,0.055,0.452,0.43454166666666666
TJ_SIPING_B3_0613,2026-07-25 12:00:00,0.051,0.2560767476254908,-0.20507674762549083,0.20507674762549083,0,12,5,1,0.08,0.046,0.43399999999999994
TJ_SIPING_B3_0612,2026-07-25 12:00:00,0.436,0.34869556158917725,0.08730443841082275,-0.08730443841082275,0,12,5,1,0.405,0.048,0.43329166666666663
TJ_SIPING_B3_0613,2026-07-25 13:00:00,0.492,0.260070398627288,0.231929601372712,-0.231929601372712,0,13,5,1,0.051,0.069,0.4342083333333333
TJ_SIPING_B3_0612,2026-07-25 13:00:00,0.491,0.4465097858068925,0.0444902141931075,-0.0444902141931075,0,13,5,1,0.436,0.445,0.4494583333333333
TJ_SIPING_B3_0614,2026-07-25 13:00:00,0.541,0.3845557747516545,0.15644422524834556,-0.15644422524834556,0,13,5,1,0.06,0.597,0.4182083333333333
TJ_SIPING_B3_0613,2026-07-25 14:00:00,0.514,0.5015573210690563,0.012442678930943751,-0.012442678930943751,0,14,5,1,0.492,0.594,0.4518333333333333
TJ_SIPING_B3_0614,2026-07-25 14:00:00,0.534,0.40544186423683737,0.12855813576316266,-0.12855813576316266,0,14,5,1,0.541,0.038,0.415875
TJ_SIPING_B3_0612,2026-07-25 14:00:00,0.538,0.37802719705501386,0.15997280294498617,-0.15997280294498617,0,14,5,1,0.491,0.034,0.4513749999999999
TJ_SIPING_B3_0613,2026-07-25 15:00:00,0.085,0.5205520241214242,-0.4355520241214242,0.4355520241214242,0,15,5,1,0.514,0.614,0.44849999999999995
TJ_SIPING_B3_0614,2026-07-25 15:00:00,0.06,0.4076368128284862,-0.3476368128284862,0.3476368128284862,0,15,5,1,0.534,0.057,0.43654166666666666
TJ_SIPING_B3_0612,2026-07-25 15:00:00,0.079,0.39471936299520455,-0.31571936299520453,0.31571936299520453,0,15,5,1,0.538,0.05,0.472375
TJ_SIPING_B3_0614,2026-07-25 16:00:00,0.673,0.40786999570303595,0.2651300042969641,-0.2651300042969641,0,16,5,1,0.06,0.634,0.4366666666666667
TJ_SIPING_B3_0612,2026-07-25 16:00:00,0.677,0.27364722582271594,0.4033527741772841,-0.4033527741772841,0,16,5,1,0.079,0.059,0.4735833333333333
TJ_SIPING_B3_0613,2026-07-25 16:00:00,0.07,0.4211488864317321,-0.3511488864317321,0.3511488864317321,0,16,5,1,0.085,0.646,0.42645833333333333
TJ_SIPING_B3_0614,2026-07-25 17:00:00,0.767,0.615225383956904,0.15177461604309606,-0.15177461604309606,0,17,5,1,0.673,0.758,0.4382916666666667
TJ_SIPING_B3_0613,2026-07-25 17:00:00,0.07,0.29585373244629537,-0.22585373244629536,0.22585373244629536,0,17,5,1,0.07,0.026,0.40245833333333336
TJ_SIPING_B3_0612,2026-07-25 17:00:00,0.655,0.5961543266082929,0.0588456733917071,-0.0588456733917071,0,17,5,1,0.677,0.763,0.49933333333333335
TJ_SIPING_B3_0612,2026-07-25 18:00:00,0.059,0.4378326558542652,-0.3788326558542652,0.3788326558542652,0,18,5,1,0.655,0.033,0.4948333333333334
TJ_SIPING_B3_0613,2026-07-25 18:00:00,0.76,0.453368266333534,0.306631733666466,-0.306631733666466,0,18,5,1,0.07,0.711,0.40429166666666666
TJ_SIPING_B3_0614,2026-07-25 18:00:00,0.059,0.6605642605436881,-0.6015642605436882,0.6015642605436882,0,18,5,1,0.767,0.811,0.4386666666666667
TJ_SIPING_B3_0613,2026-07-25 19:00:00,0.073,0.6603217692245282,-0.5873217692245283,0.5873217692245283,1,19,5,1,0.76,0.735,0.4063333333333334
TJ_SIPING_B3_0614,2026-07-25 19:00:00,0.758,0.4678553321828993,0.2901446678171007,-0.2901446678171007,1,19,5,1,0.059,0.763,0.4073333333333333
TJ_SIPING_B3_0612,2026-07-25 19:00:00,0.74,0.4285644934610948,0.31143550653890517,-0.31143550653890517,1,19,5,1,0.059,0.725,0.49591666666666673
TJ_SIPING_B3_0614,2026-07-25 20:00:00,0.688,0.6605102894664912,0.027489710533508793,-0.027489710533508793,1,20,5,1,0.758,0.707,0.407125
TJ_SIPING_B3_0612,2026-07-25 20:00:00,0.772,0.6552832888638337,0.11671671113616633,-0.11671671113616633,1,20,5,1,0.74,0.848,0.49654166666666666
TJ_SIPING_B3_0613,2026-07-25 20:00:00,0.804,0.47577010864337643,0.3282298913566236,-0.3282298913566236,1,20,5,1,0.073,0.703,0.37875
TJ_SIPING_B3_0614,2026-07-25 21:00:00,0.773,0.6552388532711443,0.11776114672885574,-0.11776114672885574,1,21,5,1,0.688,0.739,0.40633333333333327
TJ_SIPING_B3_0612,2026-07-25 21:00:00,0.751,0.6565540506824847,0.09444594931751527,-0.09444594931751527,1,21,5,1,0.772,0.775,0.49337500000000006
TJ_SIPING_B3_0613,2026-07-25 21:00:00,0.751,0.7107537101261994,0.040246289873800634,-0.040246289873800634,1,21,5,1,0.804,0.805,0.3829583333333333
TJ_SIPING_B3_0614,2026-07-25 22:00:00,0.672,0.6804795332113835,-0.008479533211383505,0.008479533211383505,1,22,5,1,0.773,0.714,0.40775000000000006
TJ_SIPING_B3_0612,2026-07-25 22:00:00,0.676,0.6663175202881382,0.009682479711861869,-0.009682479711861869,1,22,5,1,0.751,0.812,0.492375
TJ_SIPING_B3_0613,2026-07-25 22:00:00,0.674,0.5395724190578817,0.13442758094211837,-0.13442758094211837,1,22,5,1,0.751,0.06,0.38070833333333337
TJ_SIPING_B3_0614,2026-07-25 23:00:00,0.047,0.6775719110531402,-0.6305719110531401,0.6305719110531401,0,23,5,1,0.672,0.795,0.40599999999999997
TJ_SIPING_B3_0612,2026-07-25 23:00:00,0.701,0.6309221379251637,0.07007786207483624,-0.07007786207483624,0,23,5,1,0.676,0.706,0.48670833333333335
TJ_SIPING_B3_0613,2026-07-25 23:00:00,0.745,0.5136397913609329,0.23136020863906714,-0.23136020863906714,0,23,5,1,0.674,0.049,0.40629166666666666
TJ_SIPING_B3_0614,2026-07-26 00:00:00,0.626,0.1848411410573803,0.4411588589426197,-0.4411588589426197,0,0,6,1,0.047,0.085,0.37483333333333335
TJ_SIPING_B3_0612,2026-07-26 00:00:00,0.669,0.4575739132760012,0.21142608672399882,-0.21142608672399882,0,0,6,1,0.701,0.66,0.4865
TJ_SIPING_B3_0613,2026-07-26 00:00:00,0.582,0.49560528678858207,0.0863947132114179,-0.0863947132114179,0,0,6,1,0.745,0.695,0.43529166666666663
TJ_SIPING_B3_0612,2026-07-26 01:00:00,0.61,0.4412682390215862,0.1687317609784138,-0.1687317609784138,0,1,6,1,0.669,0.595,0.48687499999999995
TJ_SIPING_B3_0614,2026-07-26 01:00:00,0.062,0.4433732923532029,-0.3813732923532029,0.3813732923532029,0,1,6,1,0.626,0.518,0.397375
TJ_SIPING_B3_0613,2026-07-26 01:00:00,0.579,0.42374451379765604,0.15525548620234392,-0.15525548620234392,0,1,6,1,0.582,0.538,0.4305833333333333
TJ_SIPING_B3_0612,2026-07-26 02:00:00,0.6,0.41371205805030986,0.18628794194969012,-0.18628794194969012,0,2,6,1,0.61,0.514,0.48750000000000004
TJ_SIPING_B3_0614,2026-07-26 02:00:00,0.57,0.19343503678724522,0.37656496321275473,-0.37656496321275473,0,2,6,1,0.062,0.045,0.3783750000000001
TJ_SIPING_B3_0613,2026-07-26 02:00:00,0.617,0.4389765139352082,0.1780234860647918,-0.1780234860647918,0,2,6,1,0.579,0.581,0.4322916666666666
TJ_SIPING_B3_0613,2026-07-26 03:00:00,0.509,0.44714720258171375,0.061852797418286254,-0.061852797418286254,0,3,6,1,0.617,0.539,0.43379166666666663
TJ_SIPING_B3_0612,2026-07-26 03:00:00,0.448,0.40669667484437544,0.04130332515562457,-0.04130332515562457,0,3,6,1,0.6,0.468,0.4910833333333333
TJ_SIPING_B3_0614,2026-07-26 03:00:00,0.069,0.4186739348476557,-0.3496739348476557,0.3496739348476557,0,3,6,1,0.57,0.417,0.40025000000000005
TJ_SIPING_B3_0612,2026-07-26 04:00:00,0.467,0.2746709983105941,0.19232900168940592,-0.19232900168940592,0,4,6,1,0.448,0.03,0.49025
TJ_SIPING_B3_0614,2026-07-26 04:00:00,0.072,0.28503356123746526,-0.21303356123746525,0.21303356123746525,0,4,6,1,0.069,0.398,0.38575000000000004
TJ_SIPING_B3_0613,2026-07-26 04:00:00,0.478,0.3949258351736785,0.08307416482632146,-0.08307416482632146,0,4,6,1,0.509,0.406,0.43254166666666666
TJ_SIPING_B3_0614,2026-07-26 05:00:00,0.363,0.22179616727164148,0.1412038327283585,-0.1412038327283585,0,5,6,1,0.072,0.053,0.3721666666666666
TJ_SIPING_B3_0612,2026-07-26 05:00:00,0.065,0.3589023714109753,-0.2939023714109753,0.2939023714109753,0,5,6,1,0.467,0.384,0.5084583333333333
TJ_SIPING_B3_0613,2026-07-26 05:00:00,0.394,0.38812388671775117,0.0058761132822488515,-0.0058761132822488515,0,5,6,1,0.478,0.387,0.43554166666666666
TJ_SIPING_B3_0613,2026-07-26 06:00:00,0.392,0.381599434786796,0.010400565213204038,-0.010400565213204038,0,6,6,1,0.394,0.433,0.43583333333333335
TJ_SIPING_B3_0614,2026-07-26 06:00:00,0.072,0.3870171586492715,-0.3150171586492715,0.3150171586492715,0,6,6,1,0.363,0.417,0.3850833333333334
TJ_SIPING_B3_0612,2026-07-26 06:00:00,0.409,0.2629808482422789,0.14601915175772107,-0.14601915175772107,0,6,6,1,0.065,0.411,0.4951666666666667
TJ_SIPING_B3_0614,2026-07-26 07:00:00,0.406,0.31559944510321686,0.09040055489678317,-0.09040055489678317,0,7,6,1,0.072,0.411,0.37070833333333336
TJ_SIPING_B3_0613,2026-07-26 07:00:00,0.399,0.3839827089793025,0.015017291020697543,-0.015017291020697543,0,7,6,1,0.392,0.411,0.43412500000000004
TJ_SIPING_B3_0612,2026-07-26 07:00:00,0.426,0.36597352980511405,0.06002647019488594,-0.06002647019488594,0,7,6,1,0.409,0.404,0.4950833333333333
TJ_SIPING_B3_0614,2026-07-26 08:00:00,0.066,0.3435257373644931,-0.2775257373644931,0.2775257373644931,0,8,6,1,0.406,0.076,0.37050000000000005
TJ_SIPING_B3_0613,2026-07-26 08:00:00,0.408,0.39532150745389566,0.012678492546104314,-0.012678492546104314,0,8,6,1,0.399,0.42,0.433625
TJ_SIPING_B3_0612,2026-07-26 08:00:00,0.452,0.36532248141874846,0.08667751858125156,-0.08667751858125156,0,8,6,1,0.426,0.348,0.496
TJ_SIPING_B3_0612,2026-07-26 09:00:00,0.406,0.39268952313559435,0.013310476864405674,-0.013310476864405674,0,9,6,1,0.452,0.413,0.5003333333333333
TJ_SIPING_B3_0613,2026-07-26 09:00:00,0.054,0.41317602544718246,-0.35917602544718247,0.35917602544718247,0,9,6,1,0.408,0.456,0.433125
TJ_SIPING_B3_0614,2026-07-26 09:00:00,0.468,0.33799812964004905,0.13000187035995098,-0.13000187035995098,0,9,6,1,0.066,0.454,0.3700833333333334
TJ_SIPING_B3_0614,2026-07-26 10:00:00,0.457,0.45451981702398386,0.0024801829760161542,-0.0024801829760161542,0,10,6,1,0.468,0.435,0.3706666666666667
TJ_SIPING_B3_0612,2026-07-26 10:00:00,0.067,0.3993212013811924,-0.3323212013811924,0.3323212013811924,0,10,6,1,0.406,0.469,0.5000416666666666
TJ_SIPING_B3_0613,2026-07-26 10:00:00,0.06,0.3163927143988624,-0.2563927143988624,0.2563927143988624,0,10,6,1,0.054,0.412,0.416375
TJ_SIPING_B3_0613,2026-07-26 11:00:00,0.4,0.2572468214474209,0.14275317855257913,-0.14275317855257913,0,11,6,1,0.06,0.08,0.4017083333333333
TJ_SIPING_B3_0614,2026-07-26 11:00:00,0.038,0.37454867772409006,-0.3365486777240901,0.3365486777240901,0,11,6,1,0.457,0.055,0.3715833333333333
TJ_SIPING_B3_0612,2026-07-26 11:00:00,0.052,0.3023734520476982,-0.25037345204769823,0.25037345204769823,0,11,6,1,0.067,0.405,0.4832916666666667
TJ_SIPING_B3_0614,2026-07-26 12:00:00,0.08,0.2645785697651084,-0.1845785697651084,0.1845785697651084,0,12,6,1,0.038,0.06,0.370875
TJ_SIPING_B3_0612,2026-07-26 12:00:00,0.42,0.3172962794910806,0.1027037205089194,-0.1027037205089194,0,12,6,1,0.052,0.436,0.46858333333333335
TJ_SIPING_B3_0613,2026-07-26 12:00:00,0.493,0.34957730789667874,0.14342269210332126,-0.14342269210332126,0,12,6,1,0.4,0.051,0.4150416666666667
TJ_SIPING_B3_0614,2026-07-26 13:00:00,0.074,0.3893669234939575,-0.3153669234939575,0.3153669234939575,0,13,6,1,0.08,0.541,0.37170833333333336
TJ_SIPING_B3_0613,2026-07-26 13:00:00,0.461,0.47384011238974855,-0.012840112389748526,0.012840112389748526,0,13,6,1,0.493,0.492,0.43345833333333333
TJ_SIPING_B3_0612,2026-07-26 13:00:00,0.553,0.44094423507945946,0.11205576492054059,-0.11205576492054059,0,13,6,1,0.42,0.491,0.4679166666666667
TJ_SIPING_B3_0612,2026-07-26 14:00:00,0.547,0.49522185603258273,0.05177814396741731,-0.05177814396741731,0,14,6,1,0.553,0.538,0.4705000000000001
TJ_SIPING_B3_0613,2026-07-26 14:00:00,0.499,0.47728832104493707,0.02171167895506293,-0.02171167895506293,0,14,6,1,0.461,0.514,0.43216666666666664
TJ_SIPING_B3_0614,2026-07-26 14:00:00,0.078,0.4001192808459352,-0.32211928084593516,0.32211928084593516,0,14,6,1,0.074,0.534,0.35225
TJ_SIPING_B3_0612,2026-07-26 15:00:00,0.076,0.3994448531249819,-0.3234448531249819,0.3234448531249819,0,15,6,1,0.547,0.079,0.470875
TJ_SIPING_B3_0613,2026-07-26 15:00:00,0.593,0.400917456499001,0.19208254350099896,-0.19208254350099896,0,15,6,1,0.499,0.085,0.4315416666666667
TJ_SIPING_B3_0614,2026-07-26 15:00:00,0.084,0.3106275051037438,-0.2266275051037438,0.2266275051037438,0,15,6,1,0.078,0.06,0.33325
TJ_SIPING_B3_0612,2026-07-26 16:00:00,0.713,0.40524165279858104,0.3077583472014189,-0.3077583472014189,0,16,6,1,0.076,0.677,0.47075
TJ_SIPING_B3_0613,2026-07-26 16:00:00,0.739,0.42401459827668997,0.31498540172331,-0.31498540172331,0,16,6,1,0.593,0.07,0.4527083333333333
TJ_SIPING_B3_0614,2026-07-26 16:00:00,0.064,0.4542634254570948,-0.3902634254570948,0.3902634254570948,0,16,6,1,0.084,0.673,0.33425
TJ_SIPING_B3_0614,2026-07-26 17:00:00,0.7,0.4853780551876212,0.21462194481237873,-0.21462194481237873,0,17,6,1,0.064,0.767,0.308875
TJ_SIPING_B3_0613,2026-07-26 17:00:00,0.794,0.4627849289324769,0.3312150710675231,-0.3312150710675231,0,17,6,1,0.739,0.07,0.4805833333333333
TJ_SIPING_B3_0612,2026-07-26 17:00:00,0.717,0.587255381523381,0.129744618476619,-0.129744618476619,0,17,6,1,0.713,0.655,0.47225
TJ_SIPING_B3_0614,2026-07-26 18:00:00,0.678,0.5174329194100624,0.16056708058993763,-0.16056708058993763,0,18,6,1,0.7,0.059,0.3060833333333333
TJ_SIPING_B3_0612,2026-07-26 18:00:00,0.748,0.4633455862888624,0.2846544137111376,-0.2846544137111376,0,18,6,1,0.717,0.059,0.4748333333333333
TJ_SIPING_B3_0613,2026-07-26 18:00:00,0.631,0.6270701273645316,0.003929872635468401,-0.003929872635468401,0,18,6,1,0.794,0.76,0.51075
TJ_SIPING_B3_0614,2026-07-26 19:00:00,0.776,0.6634478409231255,0.11255215907687455,-0.11255215907687455,0,19,6,1,0.678,0.758,0.331875
TJ_SIPING_B3_0613,2026-07-26 19:00:00,0.063,0.4386459069772126,-0.3756459069772126,0.3756459069772126,0,19,6,1,0.631,0.073,0.505375
TJ_SIPING_B3_0612,2026-07-26 19:00:00,0.797,0.6193676921799378,0.17763230782006223,-0.17763230782006223,0,19,6,1,0.748,0.74,0.5035416666666667
TJ_SIPING_B3_0613,2026-07-26 20:00:00,0.787,0.4464158933181735,0.34058410668182654,-0.34058410668182654,0,20,6,1,0.063,0.804,0.5049583333333333
TJ_SIPING_B3_0612,2026-07-26 20:00:00,0.734,0.6466518831482655,0.08734811685173449,-0.08734811685173449,0,20,6,1,0.797,0.772,0.5059166666666667
TJ_SIPING_B3_0614,2026-07-26 20:00:00,0.823,0.6826817787970361,0.1403182212029639,-0.1403182212029639,0,20,6,1,0.776,0.688,0.332625
TJ_SIPING_B3_0612,2026-07-26 21:00:00,0.062,0.6319571861893836,-0.5699571861893835,0.5699571861893835,0,21,6,1,0.734,0.751,0.5043333333333333
TJ_SIPING_B3_0613,2026-07-26 21:00:00,0.781,0.6469780717776843,0.13402192822231573,-0.13402192822231573,0,21,6,1,0.787,0.751,0.50425
TJ_SIPING_B3_0614,2026-07-26 21:00:00,0.06,0.7199455599289322,-0.6599455599289321,0.6599455599289321,0,21,6,1,0.823,0.773,0.33825
TJ_SIPING_B3_0613,2026-07-26 22:00:00,0.755,0.635077038689918,0.11992296131008195,-0.11992296131008195,0,22,6,1,0.781,0.674,0.5055
TJ_SIPING_B3_0614,2026-07-26 22:00:00,0.722,0.4994323428886023,0.2225676571113977,-0.2225676571113977,0,22,6,1,0.06,0.672,0.30854166666666666
TJ_SIPING_B3_0612,2026-07-26 22:00:00,0.678,0.4425652164832421,0.23543478351675795,-0.23543478351675795,0,22,6,1,0.062,0.676,0.47562499999999996
TJ_SIPING_B3_0614,2026-07-26 23:00:00,0.688,0.5554309485053364,0.13256905149466358,-0.13256905149466358,0,23,6,1,0.722,0.047,0.310625
TJ_SIPING_B3_0612,2026-07-26 23:00:00,0.778,0.6294906253909571,0.1485093746090429,-0.1485093746090429,0,23,6,1,0.678,0.701,0.47570833333333334
TJ_SIPING_B3_0613,2026-07-26 23:00:00,0.642,0.6493918349556882,-0.007391834955688181,0.007391834955688181,0,23,6,1,0.755,0.745,0.508875
TJ_SIPING_B3_0614,2026-07-27 00:00:00,0.58,0.4874881538741605,0.09251184612583946,-0.09251184612583946,0,0,0,0,0.688,0.626,0.3373333333333333
TJ_SIPING_B3_0613,2026-07-27 00:00:00,0.681,0.40640761619841403,0.274592383801586,-0.274592383801586,0,0,0,0,0.642,0.582,0.5045833333333334
TJ_SIPING_B3_0612,2026-07-27 00:00:00,0.061,0.47300734996151217,-0.41200734996151217,0.41200734996151217,0,0,0,0,0.778,0.669,0.47891666666666666
TJ_SIPING_B3_0614,2026-07-27 01:00:00,0.548,0.34051997337473083,0.2074800266252692,-0.2074800266252692,0,1,0,0,0.58,0.062,0.33541666666666664
TJ_SIPING_B3_0612,2026-07-27 01:00:00,0.648,0.27323449271655387,0.37476550728344615,-0.37476550728344615,0,1,0,0,0.061,0.61,0.4535833333333334
TJ_SIPING_B3_0613,2026-07-27 01:00:00,0.568,0.4225394403390135,0.14546055966098648,-0.14546055966098648,0,1,0,0,0.681,0.579,0.5087083333333333
TJ_SIPING_B3_0612,2026-07-27 02:00:00,0.04,0.4437203688917757,-0.4037203688917757,0.4037203688917757,0,2,0,0,0.648,0.6,0.45516666666666666
TJ_SIPING_B3_0614,2026-07-27 02:00:00,0.056,0.443549691204532,-0.38754969120453203,0.38754969120453203,0,2,0,0,0.548,0.57,0.35566666666666663
TJ_SIPING_B3_0613,2026-07-27 02:00:00,0.548,0.40631072717032646,0.14168927282967358,-0.14168927282967358,0,2,0,0,0.568,0.617,0.50825
TJ_SIPING_B3_0613,2026-07-27 03:00:00,0.504,0.38505780491020636,0.11894219508979365,-0.11894219508979365,0,3,0,0,0.548,0.509,0.505375
TJ_SIPING_B3_0612,2026-07-27 03:00:00,0.077,0.25358726543188365,-0.17658726543188363,0.17658726543188363,0,3,0,0,0.04,0.448,0.4318333333333333
TJ_SIPING_B3_0614,2026-07-27 03:00:00,0.058,0.2086507440600202,-0.15065074406002021,0.15065074406002021,0,3,0,0,0.056,0.069,0.33425
TJ_SIPING_B3_0614,2026-07-27 04:00:00,0.054,0.2172384591840363,-0.16323845918403632,0.16323845918403632,0,4,0,0,0.058,0.072,0.3337916666666667
TJ_SIPING_B3_0613,2026-07-27 04:00:00,0.079,0.37305393326090575,-0.29405393326090573,0.29405393326090573,0,4,0,0,0.504,0.478,0.5051666666666667
TJ_SIPING_B3_0612,2026-07-27 04:00:00,0.404,0.28083634942001634,0.12316365057998369,-0.12316365057998369,0,4,0,0,0.077,0.467,0.41637499999999994
TJ_SIPING_B3_0614,2026-07-27 05:00:00,0.427,0.2876973573949998,0.1393026426050002,-0.1393026426050002,0,5,0,0,0.054,0.363,0.3330416666666667
TJ_SIPING_B3_0613,2026-07-27 05:00:00,0.358,0.2473288375553042,0.1106711624446958,-0.1106711624446958,0,5,0,0,0.079,0.394,0.48854166666666665
TJ_SIPING_B3_0612,2026-07-27 05:00:00,0.466,0.2928612487950114,0.17313875120498862,-0.17313875120498862,0,5,0,0,0.404,0.065,0.41375000000000006
TJ_SIPING_B3_0613,2026-07-27 06:00:00,0.389,0.33353163389342566,0.05546836610657435,-0.05546836610657435,0,6,0,0,0.358,0.392,0.48704166666666665
TJ_SIPING_B3_0612,2026-07-27 06:00:00,0.362,0.3875756010832894,-0.025575601083289434,0.025575601083289434,0,6,0,0,0.466,0.409,0.43045833333333333
TJ_SIPING_B3_0614,2026-07-27 06:00:00,0.059,0.33534822054628755,-0.27634822054628755,0.27634822054628755,0,6,0,0,0.427,0.072,0.33570833333333333
TJ_SIPING_B3_0613,2026-07-27 07:00:00,0.058,0.35108755236283995,-0.29308755236283995,0.29308755236283995,0,7,0,0,0.389,0.399,0.48691666666666666
TJ_SIPING_B3_0612,2026-07-27 07:00:00,0.455,0.369788414765915,0.08521158523408501,-0.08521158523408501,0,7,0,0,0.362,0.426,0.42850000000000005
TJ_SIPING_B3_0614,2026-07-27 07:00:00,0.428,0.31224776076855054,0.11575223923144945,-0.11575223923144945,0,7,0,0,0.059,0.406,0.33516666666666667
TJ_SIPING_B3_0612,2026-07-27 08:00:00,0.063,0.40860359144309577,-0.34560359144309577,0.34560359144309577,0,8,0,0,0.455,0.452,0.42970833333333336
TJ_SIPING_B3_0613,2026-07-27 08:00:00,0.045,0.2716026536643556,-0.2266026536643556,0.2266026536643556,0,8,0,0,0.058,0.408,0.4727083333333333
TJ_SIPING_B3_0614,2026-07-27 08:00:00,0.064,0.3485798086826195,-0.2845798086826195,0.2845798086826195,0,8,0,0,0.428,0.066,0.3360833333333333
TJ_SIPING_B3_0613,2026-07-27 09:00:00,0.021,0.20239416499228552,-0.18139416499228553,0.18139416499228553,0,9,0,0,0.045,0.054,0.4575833333333333
TJ_SIPING_B3_0614,2026-07-27 09:00:00,0.314,0.34143600404129093,-0.02743600404129093,0.02743600404129093,0,9,0,0,0.064,0.468,0.336
TJ_SIPING_B3_0612,2026-07-27 09:00:00,0.064,0.30044165279426166,-0.23644165279426166,0.23644165279426166,0,9,0,0,0.063,0.406,0.41350000000000003
TJ_SIPING_B3_0613,2026-07-27 10:00:00,0.068,0.20460845078644985,-0.13660845078644984,0.13660845078644984,0,10,0,0,0.021,0.06,0.4562083333333333
TJ_SIPING_B3_0612,2026-07-27 10:00:00,0.498,0.23819342639531302,0.25980657360468695,-0.25980657360468695,0,10,0,0,0.064,0.067,0.39925000000000005
TJ_SIPING_B3_0614,2026-07-27 10:00:00,0.051,0.4191683919142531,-0.3681683919142531,0.3681683919142531,0,10,0,0,0.314,0.457,0.32958333333333334
TJ_SIPING_B3_0612,2026-07-27 11:00:00,0.089,0.3585841383238757,-0.26958413832387573,0.26958413832387573,0,11,0,0,0.498,0.052,0.41720833333333335
TJ_SIPING_B3_0614,2026-07-27 11:00:00,0.086,0.2655451231511989,-0.1795451231511989,0.1795451231511989,0,11,0,0,0.051,0.038,0.3126666666666667
TJ_SIPING_B3_0613,2026-07-27 11:00:00,0.051,0.29991345598337166,-0.24891345598337167,0.24891345598337167,0,11,0,0,0.068,0.4,0.4565416666666667
TJ_SIPING_B3_0613,2026-07-27 12:00:00,0.423,0.32787532886556847,0.09512467113443152,-0.09512467113443152,0,12,0,0,0.051,0.493,0.442
TJ_SIPING_B3_0614,2026-07-27 12:00:00,0.43,0.2912037961955991,0.13879620380440089,-0.13879620380440089,0,12,0,0,0.086,0.08,0.31466666666666665
TJ_SIPING_B3_0612,2026-07-27 12:00:00,0.432,0.33065171755223294,0.10134828244776706,-0.10134828244776706,0,12,0,0,0.089,0.42,0.41875
TJ_SIPING_B3_0614,2026-07-27 13:00:00,0.375,0.389297983489397,-0.014297983489396981,0.014297983489396981,0,13,0,0,0.43,0.074,0.32925
TJ_SIPING_B3_0613,2026-07-27 13:00:00,0.526,0.4342678276806438,0.09173217231935621,-0.09173217231935621,0,13,0,0,0.423,0.461,0.4390833333333333
TJ_SIPING_B3_0612,2026-07-27 13:00:00,0.056,0.46400974983639537,-0.4080097498363954,0.4080097498363954,0,13,0,0,0.432,0.553,0.41924999999999996
TJ_SIPING_B3_0612,2026-07-27 14:00:00,0.452,0.37075900032512055,0.08124099967487947,-0.08124099967487947,0,14,0,0,0.056,0.547,0.39854166666666674
TJ_SIPING_B3_0613,2026-07-27 14:00:00,0.039,0.47803256638887687,-0.4390325663888769,0.4390325663888769,0,14,0,0,0.526,0.499,0.44179166666666664
TJ_SIPING_B3_0614,2026-07-27 14:00:00,0.497,0.37744563564961336,0.11955436435038663,-0.11955436435038663,0,14,0,0,0.375,0.078,0.34179166666666666
TJ_SIPING_B3_0612,2026-07-27 15:00:00,0.051,0.3875613458896039,-0.3365613458896039,0.3365613458896039,0,15,0,0,0.452,0.076,0.39458333333333334
TJ_SIPING_B3_0613,2026-07-27 15:00:00,0.593,0.37488283565867797,0.218117164341322,-0.218117164341322,0,15,0,0,0.039,0.593,0.422625
TJ_SIPING_B3_0614,2026-07-27 15:00:00,0.068,0.4143850034712169,-0.34638500347121687,0.34638500347121687,0,15,0,0,0.497,0.084,0.35925
TJ_SIPING_B3_0614,2026-07-27 16:00:00,0.039,0.2960624604739389,-0.25706246047393894,0.25706246047393894,0,16,0,0,0.068,0.064,0.3585833333333333
TJ_SIPING_B3_0613,2026-07-27 16:00:00,0.745,0.5709645256016862,0.1740354743983138,-0.1740354743983138,0,16,0,0,0.593,0.739,0.422625
TJ_SIPING_B3_0612,2026-07-27 16:00:00,0.649,0.4220729983397491,0.22692700166025093,-0.22692700166025093,0,16,0,0,0.051,0.713,0.3935416666666667
TJ_SIPING_B3_0612,2026-07-27 17:00:00,0.742,0.6002388682914537,0.14176113170854632,-0.14176113170854632,0,17,0,0,0.649,0.717,0.39087500000000003
TJ_SIPING_B3_0613,2026-07-27 17:00:00,0.056,0.6331938909534087,-0.5771938909534087,0.5771938909534087,0,17,0,0,0.745,0.794,0.42287500000000006
TJ_SIPING_B3_0614,2026-07-27 17:00:00,0.666,0.4355792149767568,0.23042078502324326,-0.23042078502324326,0,17,0,0,0.039,0.7,0.35754166666666665
TJ_SIPING_B3_0613,2026-07-27 18:00:00,0.8,0.4203132356713444,0.37968676432865567,-0.37968676432865567,0,18,0,0,0.056,0.631,0.392125
TJ_SIPING_B3_0614,2026-07-27 18:00:00,0.06,0.6157822579497818,-0.5557822579497818,0.5557822579497818,0,18,0,0,0.666,0.678,0.356125
TJ_SIPING_B3_0612,2026-07-27 18:00:00,0.72,0.6402140640987009,0.07978593590129912,-0.07978593590129912,0,18,0,0,0.742,0.748,0.3919166666666667
TJ_SIPING_B3_0614,2026-07-27 19:00:00,0.773,0.48215084293901467,0.29084915706098535,-0.29084915706098535,0,19,0,0,0.06,0.776,0.33037500000000003
TJ_SIPING_B3_0613,2026-07-27 19:00:00,0.805,0.5103372707443287,0.2946627292556714,-0.2946627292556714,0,19,0,0,0.8,0.063,0.39916666666666667
TJ_SIPING_B3_0612,2026-07-27 19:00:00,0.635,0.6523972789665131,-0.017397278966513108,0.017397278966513108,0,19,0,0,0.72,0.797,0.39075
TJ_SIPING_B3_0612,2026-07-27 20:00:00,0.805,0.6240272646825467,0.1809727353174534,-0.1809727353174534,0,20,0,0,0.635,0.734,0.38400000000000006
TJ_SIPING_B3_0613,2026-07-27 20:00:00,0.716,0.6677100819329025,0.04828991806709748,-0.04828991806709748,0,20,0,0,0.805,0.787,0.4300833333333334
TJ_SIPING_B3_0614,2026-07-27 20:00:00,0.726,0.7014349286574444,0.02456507134255559,-0.02456507134255559,0,20,0,0,0.773,0.823,0.33025
TJ_SIPING_B3_0614,2026-07-27 21:00:00,0.744,0.5286094776511134,0.21539052234888656,-0.21539052234888656,0,21,0,0,0.726,0.06,0.3262083333333333
TJ_SIPING_B3_0612,2026-07-27 21:00:00,0.78,0.5301939186917842,0.2498060813082158,-0.2498060813082158,0,21,0,0,0.805,0.062,0.38695833333333335
TJ_SIPING_B3_0613,2026-07-27 21:00:00,0.728,0.6494463606757532,0.07855363932424675,-0.07855363932424675,0,21,0,0,0.716,0.781,0.427125
TJ_SIPING_B3_0613,2026-07-27 22:00:00,0.62,0.6550827598444682,-0.03508275984446818,0.03508275984446818,0,22,0,0,0.728,0.755,0.42491666666666666
TJ_SIPING_B3_0614,2026-07-27 22:00:00,0.759,0.6768400296168602,0.08215997038313982,-0.08215997038313982,0,22,0,0,0.744,0.722,0.35470833333333335
TJ_SIPING_B3_0612,2026-07-27 22:00:00,0.764,0.6556298534908047,0.1083701465091953,-0.1083701465091953,0,22,0,0,0.78,0.678,0.41687500000000005
TJ_SIPING_B3_0612,2026-07-27 23:00:00,0.619,0.6790913115998471,-0.06009131159984715,0.06009131159984715,0,23,0,0,0.764,0.778,0.4204583333333334
TJ_SIPING_B3_0614,2026-07-27 23:00:00,0.604,0.6802532604201494,-0.07625326042014946,0.07625326042014946,0,23,0,0,0.759,0.688,0.35624999999999996
TJ_SIPING_B3_0613,2026-07-27 23:00:00,0.695,0.60879572726299,0.08620427273700992,-0.08620427273700992,0,23,0,0,0.62,0.642,0.4192916666666667
TJ_SIPING_B3_0614,2026-07-28 00:00:00,0.669,0.4434753780853428,0.22552462191465722,-0.22552462191465722,0,0,1,0,0.604,0.58,0.35274999999999995
TJ_SIPING_B3_0612,2026-07-28 00:00:00,0.653,0.3120273816178345,0.3409726183821655,-0.3409726183821655,0,0,1,0,0.619,0.061,0.41383333333333333
TJ_SIPING_B3_0613,2026-07-28 00:00:00,0.575,0.4674787156918,0.10752128430819996,-0.10752128430819996,0,0,1,0,0.695,0.681,0.4215
TJ_SIPING_B3_0614,2026-07-28 01:00:00,0.626,0.46071636172632674,0.16528363827367326,-0.16528363827367326,0,1,1,0,0.669,0.548,0.3564583333333333
TJ_SIPING_B3_0612,2026-07-28 01:00:00,0.595,0.4495938920698156,0.14540610793018438,-0.14540610793018438,0,1,1,0,0.653,0.648,0.43849999999999995
TJ_SIPING_B3_0613,2026-07-28 01:00:00,0.595,0.41737558842604705,0.17762441157395292,-0.17762441157395292,0,1,1,0,0.575,0.568,0.4170833333333333
TJ_SIPING_B3_0613,2026-07-28 02:00:00,0.46,0.42543374298123715,0.03456625701876287,-0.03456625701876287,0,2,1,0,0.595,0.548,0.41820833333333335
TJ_SIPING_B3_0614,2026-07-28 02:00:00,0.529,0.34619775926549134,0.18280224073450868,-0.18280224073450868,0,2,1,0,0.626,0.056,0.3597083333333333
TJ_SIPING_B3_0612,2026-07-28 02:00:00,0.572,0.30717443386925214,0.2648255661307478,-0.2648255661307478,0,2,1,0,0.595,0.04,0.4362916666666667
TJ_SIPING_B3_0613,2026-07-28 03:00:00,0.436,0.38603142602452506,0.04996857397547494,-0.04996857397547494,0,3,1,0,0.46,0.504,0.41454166666666664
TJ_SIPING_B3_0614,2026-07-28 03:00:00,0.069,0.31952311285845636,-0.25052311285845635,0.25052311285845635,0,3,1,0,0.529,0.058,0.37941666666666674
TJ_SIPING_B3_0612,2026-07-28 03:00:00,0.075,0.3082866962730234,-0.2332866962730234,0.2332866962730234,0,3,1,0,0.572,0.077,0.45845833333333336
TJ_SIPING_B3_0614,2026-07-28 04:00:00,0.079,0.19556506105525373,-0.11656506105525373,0.11656506105525373,0,4,1,0,0.069,0.054,0.37987499999999996
TJ_SIPING_B3_0613,2026-07-28 04:00:00,0.405,0.29377520106234584,0.11122479893765419,-0.11122479893765419,0,4,1,0,0.436,0.079,0.41170833333333334
TJ_SIPING_B3_0612,2026-07-28 04:00:00,0.426,0.24699420345423292,0.17900579654576707,-0.17900579654576707,0,4,1,0,0.075,0.404,0.458375
TJ_SIPING_B3_0613,2026-07-28 05:00:00,0.434,0.3489497996121133,0.08505020038788669,-0.08505020038788669,0,5,1,0,0.405,0.358,0.4252916666666667
TJ_SIPING_B3_0612,2026-07-28 05:00:00,0.401,0.36682345374777836,0.03417654625222166,-0.03417654625222166,0,5,1,0,0.426,0.466,0.45929166666666665
TJ_SIPING_B3_0614,2026-07-28 05:00:00,0.054,0.2874290854332898,-0.23342908543328983,0.23342908543328983,0,5,1,0,0.079,0.427,0.38091666666666674
TJ_SIPING_B3_0614,2026-07-28 06:00:00,0.084,0.21188646836641986,-0.12788646836641987,0.12788646836641987,0,6,1,0,0.054,0.059,0.365375
TJ_SIPING_B3_0612,2026-07-28 06:00:00,0.068,0.34497952188744774,-0.27697952188744773,0.27697952188744773,0,6,1,0,0.401,0.362,0.45658333333333334
TJ_SIPING_B3_0613,2026-07-28 06:00:00,0.42,0.3700800347558753,0.049919965244124676,-0.049919965244124676,0,6,1,0,0.434,0.389,0.42845833333333333
TJ_SIPING_B3_0614,2026-07-28 07:00:00,0.388,0.3085262960165467,0.07947370398345333,-0.07947370398345333,0,7,1,0,0.084,0.428,0.36641666666666667
TJ_SIPING_B3_0612,2026-07-28 07:00:00,0.048,0.28275649377353945,-0.23475649377353947,0.23475649377353947,0,7,1,0,0.068,0.455,0.4443333333333333
TJ_SIPING_B3_0613,2026-07-28 07:00:00,0.074,0.2999275550163887,-0.22592755501638867,0.22592755501638867,0,7,1,0,0.42,0.058,0.42975
TJ_SIPING_B3_0613,2026-07-28 08:00:00,0.077,0.2061599773233905,-0.12915997732339052,0.12915997732339052,0,8,1,0,0.074,0.045,0.43041666666666667
TJ_SIPING_B3_0614,2026-07-28 08:00:00,0.431,0.3220849098333378,0.10891509016666218,-0.10891509016666218,0,8,1,0,0.388,0.064,0.36474999999999996
TJ_SIPING_B3_0612,2026-07-28 08:00:00,0.068,0.20383375228200046,-0.13583375228200045,0.13583375228200045,0,8,1,0,0.048,0.063,0.427375
TJ_SIPING_B3_0612,2026-07-28 09:00:00,0.063,0.21683960676990474,-0.15383960676990474,0.15383960676990474,0,9,1,0,0.068,0.064,0.42758333333333326
TJ_SIPING_B3_0614,2026-07-28 09:00:00,0.418,0.3912044945177724,0.02679550548222759,-0.02679550548222759,0,9,1,0,0.431,0.314,0.38004166666666667
TJ_SIPING_B3_0613,2026-07-28 09:00:00,0.416,0.2084552496347129,0.20754475036528708,-0.20754475036528708,0,9,1,0,0.077,0.021,0.43175
TJ_SIPING_B3_0612,2026-07-28 10:00:00,0.396,0.31828133914816825,0.07771866085183177,-0.07771866085183177,0,10,1,0,0.063,0.498,0.4275416666666667
TJ_SIPING_B3_0614,2026-07-28 10:00:00,0.404,0.3352584592518341,0.06874154074816591,-0.06874154074816591,0,10,1,0,0.418,0.051,0.3843750000000001
TJ_SIPING_B3_0613,2026-07-28 10:00:00,0.071,0.31616032810447364,-0.24516032810447363,0.24516032810447363,0,10,1,0,0.416,0.068,0.4482083333333333
TJ_SIPING_B3_0614,2026-07-28 11:00:00,0.086,0.341078817960092,-0.255078817960092,0.255078817960092,0,11,1,0,0.404,0.086,0.3990833333333334
TJ_SIPING_B3_0612,2026-07-28 11:00:00,0.375,0.3310279801508409,0.043972019849159105,-0.043972019849159105,0,11,1,0,0.396,0.089,0.4232916666666667
TJ_SIPING_B3_0613,2026-07-28 11:00:00,0.038,0.2219831833759251,-0.1839831833759251,0.1839831833759251,0,11,1,0,0.071,0.051,0.4483333333333333
TJ_SIPING_B3_0612,2026-07-28 12:00:00,0.408,0.40371659233307566,0.00428340766692431,-0.00428340766692431,0,12,1,0,0.375,0.432,0.43520833333333336
TJ_SIPING_B3_0614,2026-07-28 12:00:00,0.037,0.3341362182661908,-0.2971362182661908,0.2971362182661908,0,12,1,0,0.086,0.43,0.3990833333333334
TJ_SIPING_B3_0613,2026-07-28 12:00:00,0.051,0.3020162829716138,-0.2510162829716138,0.2510162829716138,0,12,1,0,0.038,0.423,0.44779166666666664
TJ_SIPING_B3_0614,2026-07-28 13:00:00,0.065,0.32107152923804944,-0.25607152923804943,0.25607152923804943,0,13,1,0,0.037,0.375,0.3827083333333334
TJ_SIPING_B3_0612,2026-07-28 13:00:00,0.07,0.3377418992837735,-0.2677418992837735,0.2677418992837735,0,13,1,0,0.408,0.056,0.43420833333333336
TJ_SIPING_B3_0613,2026-07-28 13:00:00,0.027,0.34100225270539714,-0.3140022527053971,0.3140022527053971,0,13,1,0,0.051,0.526,0.4322916666666667
TJ_SIPING_B3_0614,2026-07-28 14:00:00,0.08,0.3675858742366115,-0.28758587423661147,0.28758587423661147,0,14,1,0,0.065,0.497,0.3697916666666667
TJ_SIPING_B3_0612,2026-07-28 14:00:00,0.504,0.3363976672108058,0.16760233278919423,-0.16760233278919423,0,14,1,0,0.07,0.452,0.4347916666666667
TJ_SIPING_B3_0613,2026-07-28 14:00:00,0.08,0.24135078538436572,-0.1613507853843657,0.1613507853843657,0,14,1,0,0.027,0.039,0.4115
TJ_SIPING_B3_0613,2026-07-28 15:00:00,0.054,0.38503227139155216,-0.33103227139155217,0.33103227139155217,0,15,1,0,0.08,0.593,0.41320833333333334
TJ_SIPING_B3_0614,2026-07-28 15:00:00,0.034,0.2905551094482919,-0.25655510944829185,0.25655510944829185,0,15,1,0,0.08,0.068,0.35241666666666666
TJ_SIPING_B3_0612,2026-07-28 15:00:00,0.607,0.37723704682708,0.22976295317292,-0.22976295317292,0,15,1,0,0.504,0.051,0.43695833333333334
TJ_SIPING_B3_0612,2026-07-28 16:00:00,0.533,0.5372687758599783,-0.004268775859978313,0.004268775859978313,0,16,1,0,0.607,0.649,0.46012499999999995
TJ_SIPING_B3_0614,2026-07-28 16:00:00,0.626,0.2788479741580146,0.3471520258419854,-0.3471520258419854,0,16,1,0,0.034,0.039,0.351
TJ_SIPING_B3_0613,2026-07-28 16:00:00,0.599,0.4262132226391498,0.17278677736085019,-0.17278677736085019,0,16,1,0,0.054,0.745,0.39075
TJ_SIPING_B3_0613,2026-07-28 17:00:00,0.056,0.4378633140330518,-0.3818633140330518,0.3818633140330518,0,17,1,0,0.599,0.056,0.38466666666666666
TJ_SIPING_B3_0612,2026-07-28 17:00:00,0.69,0.545719051759576,0.14428094824042392,-0.14428094824042392,0,17,1,0,0.533,0.742,0.4552916666666667
TJ_SIPING_B3_0614,2026-07-28 17:00:00,0.077,0.5831402056344281,-0.5061402056344282,0.5061402056344282,0,17,1,0,0.626,0.666,0.3754583333333333
TJ_SIPING_B3_0613,2026-07-28 18:00:00,0.704,0.45542429296524717,0.2485757070347528,-0.2485757070347528,0,18,1,0,0.056,0.8,0.3846666666666667
TJ_SIPING_B3_0612,2026-07-28 18:00:00,0.03,0.593237693857787,-0.563237693857787,0.563237693857787,0,18,1,0,0.69,0.72,0.453125
TJ_SIPING_B3_0614,2026-07-28 18:00:00,0.7,0.3100698132148664,0.3899301867851336,-0.3899301867851336,0,18,1,0,0.077,0.06,0.3509166666666666
TJ_SIPING_B3_0613,2026-07-28 19:00:00,0.736,0.6484190928766498,0.0875809071233502,-0.0875809071233502,0,19,1,0,0.704,0.805,0.38066666666666665
TJ_SIPING_B3_0614,2026-07-28 19:00:00,0.714,0.6413119196798116,0.07268808032018836,-0.07268808032018836,0,19,1,0,0.7,0.773,0.3775833333333334
TJ_SIPING_B3_0612,2026-07-28 19:00:00,0.774,0.40505093601257564,0.3689490639874244,-0.3689490639874244,0,19,1,0,0.03,0.635,0.424375
TJ_SIPING_B3_0614,2026-07-28 20:00:00,0.674,0.6429735296489116,0.03102647035108841,-0.03102647035108841,0,20,1,0,0.714,0.726,0.375125
TJ_SIPING_B3_0613,2026-07-28 20:00:00,0.854,0.6460621384024194,0.20793786159758054,-0.20793786159758054,0,20,1,0,0.736,0.716,0.3777916666666667
TJ_SIPING_B3_0612,2026-07-28 20:00:00,0.812,0.658144330022185,0.15385566997781508,-0.15385566997781508,0,20,1,0,0.774,0.805,0.43016666666666664
TJ_SIPING_B3_0612,2026-07-28 21:00:00,0.748,0.6704830340245893,0.07751696597541069,-0.07751696597541069,0,21,1,0,0.812,0.78,0.43045833333333333
TJ_SIPING_B3_0614,2026-07-28 21:00:00,0.711,0.6435827315431208,0.06741726845687912,-0.06741726845687912,0,21,1,0,0.674,0.744,0.37295833333333334
TJ_SIPING_B3_0613,2026-07-28 21:00:00,0.756,0.6872786359088474,0.06872136409115259,-0.06872136409115259,0,21,1,0,0.854,0.728,0.38354166666666667
TJ_SIPING_B3_0614,2026-07-28 22:00:00,0.718,0.6650350622390402,0.052964937760959785,-0.052964937760959785,0,22,1,0,0.711,0.759,0.3715833333333334
TJ_SIPING_B3_0612,2026-07-28 22:00:00,0.776,0.6565200697418667,0.1194799302581333,-0.1194799302581333,0,22,1,0,0.748,0.764,0.429125
TJ_SIPING_B3_0613,2026-07-28 22:00:00,0.07,0.6425517120776347,-0.5725517120776347,0.5725517120776347,0,22,1,0,0.756,0.62,0.38470833333333326
TJ_SIPING_B3_0612,2026-07-28 23:00:00,0.722,0.6395130156622733,0.08248698433772672,-0.08248698433772672,0,23,1,0,0.776,0.619,0.429625
TJ_SIPING_B3_0613,2026-07-28 23:00:00,0.72,0.4802337807676774,0.23976621923232255,-0.23976621923232255,0,23,1,0,0.07,0.695,0.3617916666666667
TJ_SIPING_B3_0614,2026-07-28 23:00:00,0.744,0.6406548981987772,0.1033451018012228,-0.1033451018012228,0,23,1,0,0.718,0.604,0.369875
TJ_SIPING_B3_0612,2026-07-29 00:00:00,0.054,0.45987756423873694,-0.40587756423873694,0.40587756423873694,0,0,2,0,0.722,0.653,0.4339166666666667
TJ_SIPING_B3_0613,2026-07-29 00:00:00,0.655,0.4669320137442564,0.1880679862557436,-0.1880679862557436,0,0,2,0,0.72,0.575,0.36283333333333334
TJ_SIPING_B3_0614,2026-07-29 00:00:00,0.646,0.4899419894654494,0.1560580105345506,-0.1560580105345506,0,0,2,0,0.744,0.669,0.37570833333333337
TJ_SIPING_B3_0614,2026-07-29 01:00:00,0.639,0.46028077209694024,0.17871922790305977,-0.17871922790305977,0,1,2,0,0.646,0.626,0.37474999999999997
TJ_SIPING_B3_0612,2026-07-29 01:00:00,0.594,0.2740545414265918,0.31994545857340817,-0.31994545857340817,0,1,2,0,0.054,0.595,0.40895833333333337
TJ_SIPING_B3_0613,2026-07-29 01:00:00,0.487,0.45899077730070215,0.028009222699297842,-0.028009222699297842,0,1,2,0,0.655,0.595,0.3661666666666667
TJ_SIPING_B3_0612,2026-07-29 02:00:00,0.538,0.4289481378366027,0.10905186216339735,-0.10905186216339735,0,2,2,0,0.594,0.572,0.40891666666666665
TJ_SIPING_B3_0614,2026-07-29 02:00:00,0.075,0.4439366918459057,-0.36893669184590566,0.36893669184590566,0,2,2,0,0.639,0.529,0.37529166666666675
TJ_SIPING_B3_0613,2026-07-29 02:00:00,0.048,0.3904911132641321,-0.3424911132641321,0.3424911132641321,0,2,2,0,0.487,0.46,0.36166666666666664
TJ_SIPING_B3_0612,2026-07-29 03:00:00,0.062,0.311279180472408,-0.249279180472408,0.249279180472408,0,3,2,0,0.538,0.075,0.40750000000000003
TJ_SIPING_B3_0613,2026-07-29 03:00:00,0.479,0.2742171707214871,0.20478282927851288,-0.20478282927851288,0,3,2,0,0.048,0.436,0.34450000000000003
TJ_SIPING_B3_0614,2026-07-29 03:00:00,0.063,0.19683416238892973,-0.13383416238892973,0.13383416238892973,0,3,2,0,0.075,0.069,0.35637500000000005
TJ_SIPING_B3_0614,2026-07-29 04:00:00,0.07,0.20293165826431586,-0.13293165826431586,0.13293165826431586,0,4,2,0,0.063,0.079,0.356125
TJ_SIPING_B3_0612,2026-07-29 04:00:00,0.036,0.26137568082535134,-0.22537568082535134,0.22537568082535134,0,4,2,0,0.062,0.426,0.4069583333333333
TJ_SIPING_B3_0613,2026-07-29 04:00:00,0.406,0.39587575396369074,0.010124246036309292,-0.010124246036309292,0,4,2,0,0.479,0.405,0.34629166666666666
TJ_SIPING_B3_0613,2026-07-29 05:00:00,0.403,0.3888037705577733,0.014196229442226704,-0.014196229442226704,0,5,2,0,0.406,0.434,0.3463333333333334
TJ_SIPING_B3_0614,2026-07-29 05:00:00,0.387,0.20673424857594297,0.18026575142405704,-0.18026575142405704,0,5,2,0,0.07,0.054,0.35575
TJ_SIPING_B3_0612,2026-07-29 05:00:00,0.429,0.2613843423802078,0.1676156576197922,-0.1676156576197922,0,5,2,0,0.036,0.401,0.3907083333333334
TJ_SIPING_B3_0612,2026-07-29 06:00:00,0.068,0.30596046736494314,-0.23796046736494314,0.23796046736494314,0,6,2,0,0.429,0.068,0.391875
TJ_SIPING_B3_0614,2026-07-29 06:00:00,0.378,0.3053716426617842,0.07262835733821582,-0.07262835733821582,0,6,2,0,0.387,0.084,0.3696249999999999
TJ_SIPING_B3_0613,2026-07-29 06:00:00,0.417,0.3925217186442512,0.024478281355748754,-0.024478281355748754,0,6,2,0,0.403,0.42,0.3450416666666667
TJ_SIPING_B3_0614,2026-07-29 07:00:00,0.435,0.37274385539044386,0.06225614460955614,-0.06225614460955614,0,7,2,0,0.378,0.388,0.38187499999999996
TJ_SIPING_B3_0612,2026-07-29 07:00:00,0.417,0.20664001243359778,0.2103599875664022,-0.2103599875664022,0,7,2,0,0.068,0.048,0.39187500000000003
TJ_SIPING_B3_0613,2026-07-29 07:00:00,0.383,0.32747832083439354,0.05552167916560646,-0.05552167916560646,0,7,2,0,0.417,0.074,0.3449166666666667
TJ_SIPING_B3_0613,2026-07-29 08:00:00,0.029,0.32122941274417205,-0.292229412744172,0.292229412744172,0,8,2,0,0.383,0.077,0.3577916666666667
TJ_SIPING_B3_0612,2026-07-29 08:00:00,0.042,0.31160183938445785,-0.26960183938445786,0.26960183938445786,0,8,2,0,0.417,0.068,0.40725000000000006
TJ_SIPING_B3_0614,2026-07-29 08:00:00,0.051,0.40486045249712244,-0.35386045249712245,0.35386045249712245,0,8,2,0,0.435,0.431,0.3838333333333333
TJ_SIPING_B3_0613,2026-07-29 09:00:00,0.098,0.3036998795817003,-0.2056998795817003,0.2056998795817003,0,9,2,0,0.029,0.416,0.3557916666666667
TJ_SIPING_B3_0612,2026-07-29 09:00:00,0.458,0.21200493462533904,0.24599506537466098,-0.24599506537466098,0,9,2,0,0.042,0.063,0.40616666666666673
TJ_SIPING_B3_0614,2026-07-29 09:00:00,0.373,0.30610275860825464,0.06689724139174535,-0.06689724139174535,0,9,2,0,0.051,0.418,0.36800000000000005
TJ_SIPING_B3_0614,2026-07-29 10:00:00,0.042,0.4019551538869677,-0.3599551538869677,0.3599551538869677,0,10,2,0,0.373,0.404,0.366125
TJ_SIPING_B3_0613,2026-07-29 10:00:00,0.039,0.2590151831624908,-0.22001518316249077,0.22001518316249077,0,10,2,0,0.098,0.071,0.3425416666666667
TJ_SIPING_B3_0612,2026-07-29 10:00:00,0.049,0.4045163867989778,-0.3555163867989778,0.3555163867989778,0,10,2,0,0.458,0.396,0.42262500000000003
TJ_SIPING_B3_0612,2026-07-29 11:00:00,0.445,0.29644423472539494,0.14855576527460507,-0.14855576527460507,0,11,2,0,0.049,0.375,0.4081666666666666
TJ_SIPING_B3_0614,2026-07-29 11:00:00,0.052,0.25071463776031455,-0.19871463776031456,0.19871463776031456,0,11,2,0,0.042,0.086,0.35104166666666664
TJ_SIPING_B3_0613,2026-07-29 11:00:00,0.062,0.24272024900203354,-0.18072024900203354,0.18072024900203354,0,11,2,0,0.039,0.038,0.34120833333333334
TJ_SIPING_B3_0612,2026-07-29 12:00:00,0.05,0.42191361455974,-0.37191361455974004,0.37191361455974004,0,12,2,0,0.445,0.408,0.4110833333333333
TJ_SIPING_B3_0614,2026-07-29 12:00:00,0.05,0.2504404952492245,-0.20044049524922453,0.20044049524922453,0,12,2,0,0.052,0.037,0.349625
TJ_SIPING_B3_0613,2026-07-29 12:00:00,0.394,0.25894283419360936,0.13505716580639066,-0.13505716580639066,0,12,2,0,0.062,0.051,0.3422083333333334
TJ_SIPING_B3_0614,2026-07-29 13:00:00,0.035,0.26305699129530175,-0.22805699129530174,0.22805699129530174,0,13,2,0,0.05,0.065,0.3501666666666667
TJ_SIPING_B3_0613,2026-07-29 13:00:00,0.494,0.34977778623418626,0.14422221376581373,-0.14422221376581373,0,13,2,0,0.394,0.027,0.3565
TJ_SIPING_B3_0612,2026-07-29 13:00:00,0.341,0.24810422162345203,0.092895778376548,-0.092895778376548,0,13,2,0,0.05,0.07,0.3961666666666666
TJ_SIPING_B3_0614,2026-07-29 14:00:00,0.481,0.2697567583470613,0.21124324165293867,-0.21124324165293867,0,14,2,0,0.035,0.08,0.3489166666666667
TJ_SIPING_B3_0612,2026-07-29 14:00:00,0.066,0.4293182629432829,-0.3633182629432829,0.3633182629432829,0,14,2,0,0.341,0.504,0.4074583333333333
TJ_SIPING_B3_0613,2026-07-29 14:00:00,0.444,0.3901535073572364,0.05384649264276359,-0.05384649264276359,0,14,2,0,0.494,0.08,0.3759583333333334
TJ_SIPING_B3_0612,2026-07-29 15:00:00,0.021,0.38779913811283256,-0.36679913811283255,0.36679913811283255,0,15,2,0,0.066,0.607,0.3892083333333333
TJ_SIPING_B3_0614,2026-07-29 15:00:00,0.028,0.38714663584002934,-0.3591466358400293,0.3591466358400293,0,15,2,0,0.481,0.034,0.36562500000000003
TJ_SIPING_B3_0613,2026-07-29 15:00:00,0.475,0.37218821870029917,0.10281178129970081,-0.10281178129970081,0,15,2,0,0.444,0.054,0.391125
TJ_SIPING_B3_0613,2026-07-29 16:00:00,0.052,0.502137315824471,-0.450137315824471,0.450137315824471,0,16,2,0,0.475,0.599,0.4086666666666667
TJ_SIPING_B3_0614,2026-07-29 16:00:00,0.714,0.3967563970386282,0.3172436029613718,-0.3172436029613718,0,16,2,0,0.028,0.626,0.365375
TJ_SIPING_B3_0612,2026-07-29 16:00:00,0.064,0.3744855249826762,-0.3104855249826762,0.3104855249826762,0,16,2,0,0.021,0.533,0.3647916666666667
TJ_SIPING_B3_0613,2026-07-29 17:00:00,0.684,0.27798034827169843,0.4060196517283016,-0.4060196517283016,0,17,2,0,0.052,0.056,0.385875
TJ_SIPING_B3_0612,2026-07-29 17:00:00,0.037,0.4352679983652612,-0.3982679983652612,0.3982679983652612,0,17,2,0,0.064,0.69,0.34525
TJ_SIPING_B3_0614,2026-07-29 17:00:00,0.064,0.47573926142534395,-0.41173926142534395,0.41173926142534395,0,17,2,0,0.714,0.077,0.3690416666666667
TJ_SIPING_B3_0612,2026-07-29 18:00:00,0.784,0.2988834241411774,0.4851165758588226,-0.4851165758588226,0,18,2,0,0.037,0.03,0.31804166666666667
TJ_SIPING_B3_0613,2026-07-29 18:00:00,0.764,0.5976186861987698,0.16638131380123022,-0.16638131380123022,0,18,2,0,0.684,0.704,0.41204166666666664
TJ_SIPING_B3_0614,2026-07-29 18:00:00,0.717,0.4365580476257015,0.2804419523742985,-0.2804419523742985,0,18,2,0,0.064,0.7,0.36850000000000005
TJ_SIPING_B3_0613,2026-07-29 19:00:00,0.095,0.6336280398239623,-0.5386280398239623,0.5386280398239623,0,19,2,0,0.764,0.736,0.41454166666666664
TJ_SIPING_B3_0614,2026-07-29 19:00:00,0.065,0.6313072270078302,-0.5663072270078302,0.5663072270078302,0,19,2,0,0.717,0.714,0.3692083333333333
TJ_SIPING_B3_0612,2026-07-29 19:00:00,0.767,0.6703743453092328,0.09662565469076723,-0.09662565469076723,0,19,2,0,0.784,0.774,0.34945833333333337
TJ_SIPING_B3_0614,2026-07-29 20:00:00,0.718,0.4547038031432648,0.26329619685673517,-0.26329619685673517,0,20,2,0,0.065,0.674,0.34216666666666673
TJ_SIPING_B3_0612,2026-07-29 20:00:00,0.738,0.6812424237688475,0.05675757623115252,-0.05675757623115252,0,20,2,0,0.767,0.812,0.3491666666666666
TJ_SIPING_B3_0613,2026-07-29 20:00:00,0.053,0.48691805407559063,-0.43391805407559064,0.43391805407559064,0,20,2,0,0.095,0.854,0.3878333333333333
TJ_SIPING_B3_0614,2026-07-29 21:00:00,0.714,0.6541288533652092,0.05987114663479076,-0.05987114663479076,0,21,2,0,0.718,0.711,0.34400000000000003
TJ_SIPING_B3_0613,2026-07-29 21:00:00,0.713,0.4722907314732262,0.24070926852677377,-0.24070926852677377,0,21,2,0,0.053,0.756,0.3544583333333333
TJ_SIPING_B3_0612,2026-07-29 21:00:00,0.737,0.6672127170121495,0.06978728298785053,-0.06978728298785053,0,21,2,0,0.738,0.748,0.34608333333333335
TJ_SIPING_B3_0614,2026-07-29 22:00:00,0.596,0.6616972724351078,-0.06569727243510781,0.06569727243510781,0,22,2,0,0.714,0.718,0.344125
TJ_SIPING_B3_0612,2026-07-29 22:00:00,0.87,0.6804610907063819,0.18953890929361805,-0.18953890929361805,0,22,2,0,0.737,0.776,0.345625
TJ_SIPING_B3_0613,2026-07-29 22:00:00,0.624,0.5156334633117159,0.10836653668828411,-0.10836653668828411,0,22,2,0,0.713,0.07,0.3526666666666667
TJ_SIPING_B3_0613,2026-07-29 23:00:00,0.063,0.6328435979802591,-0.5698435979802592,0.5698435979802592,0,23,2,0,0.624,0.72,0.37575000000000003
TJ_SIPING_B3_0614,2026-07-29 23:00:00,0.058,0.643023985208919,-0.585023985208919,0.585023985208919,0,23,2,0,0.596,0.744,0.3390416666666667
TJ_SIPING_B3_0612,2026-07-29 23:00:00,0.63,0.7120159859663986,-0.08201598596639859,0.08201598596639859,0,23,2,0,0.87,0.722,0.34954166666666664
TJ_SIPING_B3_0614,2026-07-30 00:00:00,0.05,0.3088672466701524,-0.25886724667015243,0.25886724667015243,0,0,3,0,0.058,0.646,0.31045833333333334
TJ_SIPING_B3_0612,2026-07-30 00:00:00,0.549,0.3279037624597419,0.22109623754025814,-0.22109623754025814,0,0,3,0,0.63,0.054,0.34570833333333334
TJ_SIPING_B3_0613,2026-07-30 00:00:00,0.593,0.2990314702969009,0.29396852970309906,-0.29396852970309906,0,0,3,0,0.063,0.655,0.34837499999999993
TJ_SIPING_B3_0614,2026-07-30 01:00:00,0.54,0.32092982311024115,0.21907017688975888,-0.21907017688975888,0,1,3,0,0.05,0.639,0.28562499999999996
TJ_SIPING_B3_0613,2026-07-30 01:00:00,0.545,0.42002984459639087,0.12497015540360917,-0.12497015540360917,0,1,3,0,0.593,0.487,0.34579166666666666
TJ_SIPING_B3_0612,2026-07-30 01:00:00,0.523,0.42399409718483916,0.09900590281516086,-0.09900590281516086,0,1,3,0,0.549,0.594,0.36633333333333334
TJ_SIPING_B3_0614,2026-07-30 02:00:00,0.065,0.34388515573961803,-0.27888515573961803,0.27888515573961803,0,2,3,0,0.54,0.075,0.28150000000000003
TJ_SIPING_B3_0612,2026-07-30 02:00:00,0.54,0.4125323166084426,0.12746768339155745,-0.12746768339155745,0,2,3,0,0.523,0.538,0.363375
TJ_SIPING_B3_0613,2026-07-30 02:00:00,0.072,0.31606737814195573,-0.24406737814195573,0.24406737814195573,0,2,3,0,0.545,0.048,0.3482083333333333
TJ_SIPING_B3_0612,2026-07-30 03:00:00,0.407,0.3196166945216581,0.08738330547834189,-0.08738330547834189,0,3,3,0,0.54,0.062,0.3634583333333334
TJ_SIPING_B3_0614,2026-07-30 03:00:00,0.44,0.21422656779538632,0.22577343220461368,-0.22577343220461368,0,3,3,0,0.065,0.063,0.2810833333333333
TJ_SIPING_B3_0613,2026-07-30 03:00:00,0.05,0.28410401204864905,-0.23410401204864906,0.23410401204864906,0,3,3,0,0.072,0.479,0.34920833333333334
TJ_SIPING_B3_0613,2026-07-30 04:00:00,0.064,0.27523351510370186,-0.21123351510370186,0.21123351510370186,0,4,3,0,0.05,0.406,0.3313333333333333
TJ_SIPING_B3_0612,2026-07-30 04:00:00,0.472,0.27844998189874726,0.19355001810125272,-0.19355001810125272,0,4,3,0,0.407,0.036,0.3778333333333334
TJ_SIPING_B3_0614,2026-07-30 04:00:00,0.406,0.3235617148354979,0.08243828516450213,-0.08243828516450213,0,4,3,0,0.44,0.07,0.2967916666666667
TJ_SIPING_B3_0613,2026-07-30 05:00:00,0.069,0.290706857555577,-0.221706857555577,0.221706857555577,0,5,3,0,0.064,0.403,0.31708333333333333
TJ_SIPING_B3_0614,2026-07-30 05:00:00,0.075,0.3861163602391789,-0.3111163602391789,0.3111163602391789,0,5,3,0,0.406,0.387,0.31079166666666663
TJ_SIPING_B3_0612,2026-07-30 05:00:00,0.436,0.3843020808490666,0.051697919150933414,-0.051697919150933414,0,5,3,0,0.472,0.429,0.39599999999999996
TJ_SIPING_B3_0613,2026-07-30 06:00:00,0.429,0.3072643753706963,0.12173562462930371,-0.12173562462930371,0,6,3,0,0.069,0.417,0.30316666666666664
TJ_SIPING_B3_0614,2026-07-30 06:00:00,0.401,0.30224307614131085,0.09875692385868917,-0.09875692385868917,0,6,3,0,0.075,0.378,0.2977916666666666
TJ_SIPING_B3_0612,2026-07-30 06:00:00,0.034,0.30166450149025575,-0.2676645014902558,0.2676645014902558,0,6,3,0,0.436,0.068,0.3962916666666667
TJ_SIPING_B3_0614,2026-07-30 07:00:00,0.415,0.41388432968173405,0.0011156703182659267,-0.0011156703182659267,0,7,3,0,0.401,0.435,0.29875
TJ_SIPING_B3_0613,2026-07-30 07:00:00,0.466,0.40862930132201686,0.05737069867798317,-0.05737069867798317,0,7,3,0,0.429,0.383,0.30366666666666664
TJ_SIPING_B3_0612,2026-07-30 07:00:00,0.383,0.2725575972979124,0.1104424027020876,-0.1104424027020876,0,7,3,0,0.034,0.417,0.3948749999999999
TJ_SIPING_B3_0613,2026-07-30 08:00:00,0.066,0.34707818750540564,-0.28107818750540564,0.28107818750540564,0,8,3,0,0.466,0.029,0.307125
TJ_SIPING_B3_0612,2026-07-30 08:00:00,0.054,0.29633377502097435,-0.24233377502097436,0.24233377502097436,0,8,3,0,0.383,0.042,0.3934583333333333
TJ_SIPING_B3_0614,2026-07-30 08:00:00,0.046,0.34071408809818243,-0.29471408809818245,0.29471408809818245,0,8,3,0,0.415,0.051,0.29791666666666666
TJ_SIPING_B3_0612,2026-07-30 09:00:00,0.06,0.3019718058247378,-0.24197180582473782,0.24197180582473782,0,9,3,0,0.054,0.458,0.39395833333333335
TJ_SIPING_B3_0614,2026-07-30 09:00:00,0.049,0.31456998580104134,-0.26556998580104135,0.26556998580104135,0,9,3,0,0.046,0.373,0.2977083333333333
TJ_SIPING_B3_0613,2026-07-30 09:00:00,0.483,0.2558009012825109,0.2271990987174891,-0.2271990987174891,0,9,3,0,0.066,0.098,0.30866666666666664
TJ_SIPING_B3_0612,2026-07-30 10:00:00,0.059,0.22652636202035042,-0.16752636202035043,0.16752636202035043,0,10,3,0,0.06,0.049,0.377375
TJ_SIPING_B3_0614,2026-07-30 10:00:00,0.067,0.254388687987684,-0.187388687987684,0.187388687987684,0,10,3,0,0.049,0.042,0.28420833333333334
TJ_SIPING_B3_0613,2026-07-30 10:00:00,0.404,0.36235558286400177,0.04164441713599826,-0.04164441713599826,0,10,3,0,0.483,0.039,0.3247083333333333
TJ_SIPING_B3_0612,2026-07-30 11:00:00,0.057,0.3205655249256299,-0.2635655249256299,0.2635655249256299,0,11,3,0,0.059,0.445,0.3777916666666667
TJ_SIPING_B3_0614,2026-07-30 11:00:00,0.04,0.2685212999591373,-0.2285212999591373,0.2285212999591373,0,11,3,0,0.067,0.052,0.28524999999999995
TJ_SIPING_B3_0613,2026-07-30 11:00:00,0.032,0.34697082311291727,-0.31497082311291724,0.31497082311291724,0,11,3,0,0.404,0.062,0.33991666666666664
TJ_SIPING_B3_0613,2026-07-30 12:00:00,0.09,0.3225453844377344,-0.2325453844377344,0.2325453844377344,0,12,3,0,0.032,0.394,0.3386666666666666
TJ_SIPING_B3_0612,2026-07-30 12:00:00,0.067,0.24579692607001247,-0.17879692607001246,0.17879692607001246,0,12,3,0,0.057,0.05,0.36162500000000003
TJ_SIPING_B3_0614,2026-07-30 12:00:00,0.042,0.2678186460971464,-0.22581864609714639,0.22581864609714639,0,12,3,0,0.04,0.05,0.28475
TJ_SIPING_B3_0613,2026-07-30 13:00:00,0.059,0.3726102602797116,-0.3136102602797116,0.3136102602797116,0,13,3,0,0.09,0.494,0.326
TJ_SIPING_B3_0612,2026-07-30 13:00:00,0.428,0.31970694470757677,0.10829305529242322,-0.10829305529242322,0,13,3,0,0.067,0.341,0.3623333333333334
TJ_SIPING_B3_0614,2026-07-30 13:00:00,0.042,0.2723960737539538,-0.2303960737539538,0.2303960737539538,0,13,3,0,0.042,0.035,0.2844166666666667
TJ_SIPING_B3_0613,2026-07-30 14:00:00,0.524,0.36634975015316557,0.15765024984683446,-0.15765024984683446,0,14,3,0,0.059,0.444,0.307875
TJ_SIPING_B3_0612,2026-07-30 14:00:00,0.048,0.36715488723931067,-0.3191548872393107,0.3191548872393107,0,14,3,0,0.428,0.066,0.36595833333333333
TJ_SIPING_B3_0614,2026-07-30 14:00:00,0.049,0.3777802296902582,-0.3287802296902582,0.3287802296902582,0,14,3,0,0.042,0.481,0.28470833333333334
TJ_SIPING_B3_0613,2026-07-30 15:00:00,0.634,0.5107505955077386,0.1232494044922614,-0.1232494044922614,0,15,3,0,0.524,0.475,0.31120833333333336
TJ_SIPING_B3_0612,2026-07-30 15:00:00,0.539,0.25721252205400635,0.2817874779459937,-0.2817874779459937,0,15,3,0,0.048,0.021,0.36520833333333336
TJ_SIPING_B3_0614,2026-07-30 15:00:00,0.064,0.29341580390229915,-0.22941580390229915,0.22941580390229915,0,15,3,0,0.049,0.028,0.2667083333333333
TJ_SIPING_B3_0614,2026-07-30 16:00:00,0.62,0.4555100082428296,0.16448999175717038,-0.16448999175717038,0,16,3,0,0.064,0.714,0.2682083333333333
TJ_SIPING_B3_0613,2026-07-30 16:00:00,0.051,0.4535378239284795,-0.40253782392847953,0.40253782392847953,0,16,3,0,0.634,0.052,0.31783333333333336
TJ_SIPING_B3_0612,2026-07-30 16:00:00,0.048,0.4052427804759049,-0.3572427804759049,0.3572427804759049,0,16,3,0,0.539,0.064,0.38679166666666664
TJ_SIPING_B3_0612,2026-07-30 17:00:00,0.624,0.26784006849154013,0.35615993150845987,-0.35615993150845987,0,17,3,0,0.048,0.037,0.386125
TJ_SIPING_B3_0614,2026-07-30 17:00:00,0.053,0.4781098413636068,-0.4251098413636068,0.4251098413636068,0,17,3,0,0.62,0.064,0.26429166666666665
TJ_SIPING_B3_0613,2026-07-30 17:00:00,0.066,0.4351173333264742,-0.3691173333264742,0.3691173333264742,0,17,3,0,0.051,0.684,0.31779166666666664
TJ_SIPING_B3_0614,2026-07-30 18:00:00,0.073,0.46898837071321253,-0.3959883707132125,0.3959883707132125,0,18,3,0,0.053,0.717,0.2638333333333333
TJ_SIPING_B3_0612,2026-07-30 18:00:00,0.744,0.5940508784293097,0.1499491215706903,-0.1499491215706903,0,18,3,0,0.624,0.784,0.41058333333333336
TJ_SIPING_B3_0613,2026-07-30 18:00:00,0.705,0.47317790853221053,0.23182209146778943,-0.23182209146778943,0,18,3,0,0.066,0.764,0.2920416666666667
TJ_SIPING_B3_0612,2026-07-30 19:00:00,0.768,0.6320308896318627,0.1359691103681373,-0.1359691103681373,1,19,3,0,0.744,0.767,0.40891666666666665
TJ_SIPING_B3_0613,2026-07-30 19:00:00,0.715,0.51455945914218,0.20044054085781993,-0.20044054085781993,1,19,3,0,0.705,0.095,0.2895833333333333
TJ_SIPING_B3_0614,2026-07-30 19:00:00,0.597,0.34753049288173266,0.24946950711826732,-0.24946950711826732,1,19,3,0,0.073,0.065,0.23700000000000002
TJ_SIPING_B3_0613,2026-07-30 20:00:00,0.755,0.5063172897184685,0.24868271028153155,-0.24868271028153155,1,20,3,0,0.715,0.053,0.3154166666666667
TJ_SIPING_B3_0614,2026-07-30 20:00:00,0.736,0.6391174043210816,0.09688259567891844,-0.09688259567891844,1,20,3,0,0.597,0.718,0.25916666666666666
TJ_SIPING_B3_0612,2026-07-30 20:00:00,0.06,0.6396152684170702,-0.5796152684170701,0.5796152684170701,1,20,3,0,0.768,0.738,0.40895833333333337
TJ_SIPING_B3_0613,2026-07-30 21:00:00,0.641,0.6600683532809883,-0.019068353280988326,0.019068353280988326,1,21,3,0,0.755,0.713,0.3446666666666667
TJ_SIPING_B3_0614,2026-07-30 21:00:00,0.668,0.6844931961293526,-0.016493196129352516,0.016493196129352516,1,21,3,0,0.736,0.714,0.25991666666666663
TJ_SIPING_B3_0612,2026-07-30 21:00:00,0.574,0.4561876072161861,0.11781239278381384,-0.11781239278381384,1,21,3,0,0.06,0.737,0.38070833333333326
TJ_SIPING_B3_0614,2026-07-30 22:00:00,0.748,0.647124621916219,0.100875378083781,-0.100875378083781,1,22,3,0,0.668,0.596,0.25799999999999995
TJ_SIPING_B3_0612,2026-07-30 22:00:00,0.676,0.6404603028920053,0.03553969710799476,-0.03553969710799476,1,22,3,0,0.574,0.87,0.3739166666666667
TJ_SIPING_B3_0613,2026-07-30 22:00:00,0.588,0.6164568563352208,-0.02845685633522088,0.02845685633522088,1,22,3,0,0.641,0.624,0.3416666666666666
TJ_SIPING_B3_0613,2026-07-30 23:00:00,0.7,0.4855618931612223,0.21443810683877768,-0.21443810683877768,0,23,3,0,0.588,0.063,0.3401666666666667
TJ_SIPING_B3_0612,2026-07-30 23:00:00,0.688,0.6264457424327416,0.0615542575672583,-0.0615542575672583,0,23,3,0,0.676,0.63,0.3658333333333333
TJ_SIPING_B3_0614,2026-07-30 23:00:00,0.709,0.5561851657642829,0.15281483423571707,-0.15281483423571707,0,23,3,0,0.748,0.058,0.26433333333333336
